{
    "menu": [
        {
            "kategori": "pizza",
            "nama": "Super Supreme",
            "deskripsi": "",
            "harga": 57000,
            "gambar": "supersupreme.jpg"
        },
        {
            "kategori": "pizza",
            "nama": "Veggie Garden",
            "deskripsi": "",
            "harga": 63000,
            "gambar": "veggiegarden.jpg"
        },
        {
            "kategori": "pizza",
            "nama": "American Favorite",
            "deskripsi": "",
            "harga": 59000,
            "gambar": "americanfav.jpg"
        },
        {
            "kategori": "pizza",
            "nama": "Pepperoni",
            "deskripsi": "",
            "harga": 61000,
            "gambar": "pepperoni.jpg"
        },
        {
            "kategori": "pasta",
            "nama": "Tuna Aglio Olio",
            "deskripsi": "",
            "harga": 49000,
            "gambar": "agliolio.jpg"
        },
        {
            "kategori": "pasta",
            "nama": "Beef Spaghetti",
            "deskripsi": "",
            "harga": 43000,
            "gambar": "spaghetti.jpg"
        },
        {
            "kategori": "appetizer",
            "nama": "Puff Pastry",
            "deskripsi": "",
            "harga": 21000,
            "gambar": "puffpastry.jpg"
        },
        {
            "kategori": "appetizer",
            "nama": "Sausage Pastry Rolls",
            "deskripsi": "",
            "harga": 33000,
            "gambar": "sausagerolls.jpg"
        },
        {
            "kategori": "minuman",
            "nama": "Chocolate Milkshake",
            "deskripsi": "",
            "harga": 25000,
            "gambar": "chocolatemilkshake.jpg"
        },
        {
            "kategori": "minuman",
            "nama": "Cold Frappe",
            "deskripsi": "",
            "harga": 23000,
            "gambar": "coldfrappe.jpg"
        },
        {
            "kategori": "minuman",
            "nama": "Lychee Spring",
            "deskripsi": "",
            "harga": 21000,
            "gambar": "lycheespring.jpg"
        }

    ]
}